INSERT INTO db.recipe (id, name, description, time_of_preparation, number_of_steps, steps, number_of_ingredients, calories, fat, sugar, sodium, protein, saturated_fat, carbohydrates) VALUES (38, 'low fat berry blue frozen dessert', 0x746869732069732079756D6D7920616E64206C6F772D6661742C20697420616C77617973207475726E73206F757420706572666563742E, 1485, 13, 0x5B27746F73732032206375707320626572726965732077697468207375676172272C20276C6574207374616E6420666F72203435206D696E75746573202C207374697272696E67206F63636173696F6E616C6C79272C20277472616E736665722062657272792D7375676172206D69787475726520746F20666F6F642070726F636573736F72272C202761646420796F6775727420616E642070726F6365737320756E74696C20736D6F6F7468272C202773747261696E207468726F7567682066696E65207369657665272C2027706F757220696E746F2062616B696E672070616E272C2027667265657A6520756E636F766572656420756E74696C2065646765732061726520736F6C6964206275742063656E74726520697320736F6674272C20277472616E7366657220746F2070726F636573736F7220616E6420626C656E6420756E74696C20736D6F6F746820616761696E272C202772657475726E20746F2070616E20616E6420667265657A6520756E74696C2065646765732061726520736F6C6964272C20277472616E7366657220746F2070726F636573736F7220616E6420626C656E6420756E74696C20736D6F6F746820616761696E272C2027666F6C6420696E2072656D61696E696E6720322063757073206F6620626C756562657272696573272C2027706F757220696E746F20706C6173746963206D6F6C6420616E6420667265657A65206F7665726E69676874272C20276C657420736F6674656E20736C696768746C7920746F207365727665275D, 4, 170.9, 3, 120, 1, 6, 6, 12);
INSERT INTO db.recipe (id, name, description, time_of_preparation, number_of_steps, steps, number_of_ingredients, calories, fat, sugar, sodium, protein, saturated_fat, carbohydrates) VALUES (40, 'best lemonade', 0x746869732069732066726F6D206F6E65206F66206D792020666972737420676F6F6420686F757365206B656570696E6720636F6F6B626F6F6B732E2020796F75206D757374207573652061202A7A65737465722A20696E206F7264657220746F2061766F69642067657474696E6720616E79206F662074686174206269747465722072696E642C20616E64207768656E20796F75207A65737420746865206C656D6F6E732C207A657374207468656D206F6E746F20736F6D652073756761722066726F6D207468652072656369706520287468652073756761722077696C6C202763617463682720616C6C206F6620746865206F696C73292E20206920616C736F2061647669736520796F752066726F6D20706572736F6E616C20657870657269656E636520746F20757365206F6E6C7920746865206265737420736B696E6E6564206C656D6F6E7320666F7220746865206265737420666C61766F722E, 35, 8, 0x5B27696E746F20612031207175617274206A617220776974682074696768742066697474696E67206C6964202C2070757420737567617220616E64206C656D6F6E207065656C202C206F72207A657374272C202761646420312031202F20322063757073207665727920686F74207761746572272C202777697468206C696420666974746564206669726D6C79202C207368616B65206A617220756E74696C20737567617220697320646973736F6C766564272C2027616464206C656D6F6E206A75696365272C2027726566726967657261746520756E74696C206368696C6C6564272C2027746F2073657276653A20696E746F20656163682031322D6F756E636520676C617373202C206F76657220696365206375626573202C20706F75722031202F203420637570206F6620746865206C656D6F6E207379727570272C20277468656E20616464206368696C6C656420636C756220736F6461206F72202C20696620796F7520707265666572202C207761746572272C20277374697220746F206D69782077656C6C275D, 6, 311.1, 0, 308, 0, 0, 0, 27);
INSERT INTO db.recipe (id, name, description, time_of_preparation, number_of_steps, steps, number_of_ingredients, calories, fat, sugar, sodium, protein, saturated_fat, carbohydrates) VALUES (45, 'buttermilk pie with gingersnap crumb crust', 0x79756D, 80, 10, 0x5B2770726568656174206F76656E20746F2033353066272C20276D616B6520706965206372757374202C207573696E67203820696E6368207069652070616E202C20646F206E6F742062616B65272C20276D697820737567617220616E64206D6172676172696E6520696E206D656469756D20626F776C20756E74696C20626C656E646564272C20276265617420696E206567672077686974657320616E6420656767272C20277374697220696E20666C6F7572202C2073616C74202C20616E64206275747465726D696C6B20756E74696C2077656C6C20626C656E646564272C2027706F75722066696C6C696E6720696E746F207072657061726564206372757374202C2062616B65203430206D696E75746573206F7220756E74696C207368617270206B6E69666520696E736572746564206E6561722063656E74657220636F6D6573206F757420636C65616E272C2027737072696E6B6C652077697468206E75746D656720616E64207365727665207761726D206F72206368696C6C6564272C2027636F6D62696E652067726168616D206372756D6273202C2067696E676572736E6170206372756D6273202C20616E64206D6172676172696E6520696E2038206F72203920696E6368207069652070616E202C20706174206D697874757265206576656E6C79206F6E20626F74746F6D20616E642073696465206F662070616E272C202762616B65203820746F203130206D696E75746573206F7220756E74696C2065646765206F66206372757374206973206C696768746C792062726F776E6564272C2027636F6F6C206F6E2077697265207261636B275D, 9, 228, 10, 98, 11, 8, 8, 12);
INSERT INTO db.recipe (id, name, description, time_of_preparation, number_of_steps, steps, number_of_ingredients, calories, fat, sugar, sodium, protein, saturated_fat, carbohydrates) VALUES (46, 'a jad   cucumber pickle', 0x6974206973206120747261646974696F6E616C206163636F6D70616E696D656E7420746F20736E61636B73207375636820617320737072696E6720726F6C6C732C206F7220746F2062617262656375656420666F6F64732E, 25, 5, 0x5B27736C6963652074686520637563756D62657220696E20666F7572206C656E67746877697365202C207468656E20736C696365207468652070696563657320746F207365676D656E74732061626F757420616E20656967687468206F6620616E20696E636820746869636B272C2027736C6963652074686520746F7073206F6620746865206368696C696573202C20746170206F757420616E79206C6F6F736520736565647320616E642064697363617264202C207468656E20736C69636520746865206368696C696573206163726F737320696E746F207468696E20726F756E6473272C2027736C69636520746865207368616C6C6F747320616E642077617465722063686573746E757473272C2027636F6D62696E6520616E64207365727665272C2027746869732077696C6C206B6565702032206F722033207765656B7320696E206120726566726967657261746F72275D, 6, 4.3, 0, 0, 0, 0, 0, 0);

INSERT INTO db.ingredient (id, name) VALUES (318, 'lemon juice');
INSERT INTO db.ingredient (id, name) VALUES (1087, 'vanilla yogurt');
INSERT INTO db.ingredient (id, name) VALUES (150, 'granulated sugar');
INSERT INTO db.ingredient (id, name) VALUES (589, 'blueberries');
INSERT INTO db.ingredient (id, name) VALUES (2881, 'fresh water');
INSERT INTO db.ingredient (id, name) VALUES (316, 'lemons');
INSERT INTO db.ingredient (id, name) VALUES (2469, 'club soda');
INSERT INTO db.ingredient (id, name) VALUES (351, 'rind of');
INSERT INTO db.ingredient (id, name) VALUES (37, 'sugar');
INSERT INTO db.ingredient (id, name) VALUES (77, 'fresh lemon juice');
INSERT INTO db.ingredient (id, name) VALUES (913, 'ice cube');
INSERT INTO db.ingredient (id, name) VALUES (416, 'egg whites');
INSERT INTO db.ingredient (id, name) VALUES (108, 'flour');
INSERT INTO db.ingredient (id, name) VALUES (438, 'buttermilk');
INSERT INTO db.ingredient (id, name) VALUES (146, 'egg');
INSERT INTO db.ingredient (id, name) VALUES (3342, 'gingersnap crumbs');
INSERT INTO db.ingredient (id, name) VALUES (7, 'salt');
INSERT INTO db.ingredient (id, name) VALUES (178, 'margarine');
INSERT INTO db.ingredient (id, name) VALUES (598, 'graham cracker crumbs');
INSERT INTO db.ingredient (id, name) VALUES (2659, 'thangkwa');
INSERT INTO db.ingredient (id, name) VALUES (2660, 'hom daeng');
INSERT INTO db.ingredient (id, name) VALUES (2661, 'nam som paep');
INSERT INTO db.ingredient (id, name) VALUES (2662, 'haeo');
INSERT INTO db.ingredient (id, name) VALUES (2663, 'prik chi fa daeng');
INSERT INTO db.ingredient (id, name) VALUES (354, 'rice vinegar');

INSERT INTO db.recipe_ingredient (id, recipe_id, ingredient_id) VALUES (1, 38, 318);
INSERT INTO db.recipe_ingredient (id, recipe_id, ingredient_id) VALUES (2, 38, 1087);
INSERT INTO db.recipe_ingredient (id, recipe_id, ingredient_id) VALUES (3, 38, 150);
INSERT INTO db.recipe_ingredient (id, recipe_id, ingredient_id) VALUES (4, 38, 589);

INSERT INTO db.recipe_ingredient (id, recipe_id, ingredient_id) VALUES (5, 40, 2881);
INSERT INTO db.recipe_ingredient (id, recipe_id, ingredient_id) VALUES (6, 40, 316);
INSERT INTO db.recipe_ingredient (id, recipe_id, ingredient_id) VALUES (7, 40, 2469);
INSERT INTO db.recipe_ingredient (id, recipe_id, ingredient_id) VALUES (8, 40, 351);
INSERT INTO db.recipe_ingredient (id, recipe_id, ingredient_id) VALUES (9, 40, 37);
INSERT INTO db.recipe_ingredient (id, recipe_id, ingredient_id) VALUES (10, 40, 77);
INSERT INTO db.recipe_ingredient (id, recipe_id, ingredient_id) VALUES (11, 40, 913);

INSERT INTO db.recipe_ingredient (id, recipe_id, ingredient_id) VALUES (12, 45, 416);
INSERT INTO db.recipe_ingredient (id, recipe_id, ingredient_id) VALUES (13, 45, 108);
INSERT INTO db.recipe_ingredient (id, recipe_id, ingredient_id) VALUES (14, 45, 438);
INSERT INTO db.recipe_ingredient (id, recipe_id, ingredient_id) VALUES (15, 45, 146);
INSERT INTO db.recipe_ingredient (id, recipe_id, ingredient_id) VALUES (16, 45, 3342);
INSERT INTO db.recipe_ingredient (id, recipe_id, ingredient_id) VALUES (17, 45, 7);
INSERT INTO db.recipe_ingredient (id, recipe_id, ingredient_id) VALUES (18, 45, 37);
INSERT INTO db.recipe_ingredient (id, recipe_id, ingredient_id) VALUES (19, 45, 178);
INSERT INTO db.recipe_ingredient (id, recipe_id, ingredient_id) VALUES (20, 45, 598);

INSERT INTO db.recipe_ingredient (id, recipe_id, ingredient_id) VALUES (21, 46, 2661);
INSERT INTO db.recipe_ingredient (id, recipe_id, ingredient_id) VALUES (22, 46, 2663);
INSERT INTO db.recipe_ingredient (id, recipe_id, ingredient_id) VALUES (23, 46, 354);
INSERT INTO db.recipe_ingredient (id, recipe_id, ingredient_id) VALUES (24, 46, 2662);
INSERT INTO db.recipe_ingredient (id, recipe_id, ingredient_id) VALUES (25, 46, 2659);
INSERT INTO db.recipe_ingredient (id, recipe_id, ingredient_id) VALUES (26, 46, 2660);

INSERT INTO db.tag (id, name) VALUES (19, 'seasonal');
INSERT INTO db.tag (id, name) VALUES (65, 'low-calorie');
INSERT INTO db.tag (id, name) VALUES (6, 'preparation');
INSERT INTO db.tag (id, name) VALUES (125, 'healthy-2');
INSERT INTO db.tag (id, name) VALUES (127, 'low-saturated-fat');
INSERT INTO db.tag (id, name) VALUES (66, 'low-in-something');
INSERT INTO db.tag (id, name) VALUES (154, 'low-fat');
INSERT INTO db.tag (id, name) VALUES (17, 'dietary');
INSERT INTO db.tag (id, name) VALUES (2, 'time-to-make');
INSERT INTO db.tag (id, name) VALUES (155, 'summer');
INSERT INTO db.tag (id, name) VALUES (73, 'freezer');
INSERT INTO db.tag (id, name) VALUES (63, 'low-sodium');
INSERT INTO db.tag (id, name) VALUES (60, '5-ingredients-or-less');
INSERT INTO db.tag (id, name) VALUES (3, 'course');
INSERT INTO db.tag (id, name) VALUES (98, 'healthy');
INSERT INTO db.tag (id, name) VALUES (141, 'gluten-free');
INSERT INTO db.tag (id, name) VALUES (119, 'free-of-something');
INSERT INTO db.tag (id, name) VALUES (31, 'equipment');
INSERT INTO db.tag (id, name) VALUES (51, 'weeknight');
INSERT INTO db.tag (id, name) VALUES (59, 'low-protein');
INSERT INTO db.tag (id, name) VALUES (61, 'beverages');
INSERT INTO db.tag (id, name) VALUES (1, '60-minutes-or-less');
INSERT INTO db.tag (id, name) VALUES (4, 'main-ingredient');

INSERT INTO db.recipe_tag (id, recipe_id, tag_id) VALUES (2269980, 38, 19);
INSERT INTO db.recipe_tag (id, recipe_id, tag_id) VALUES (2269981, 38, 65);
INSERT INTO db.recipe_tag (id, recipe_id, tag_id) VALUES (2269982, 38, 6);
INSERT INTO db.recipe_tag (id, recipe_id, tag_id) VALUES (2269983, 38, 125);
INSERT INTO db.recipe_tag (id, recipe_id, tag_id) VALUES (2269984, 38, 127);
INSERT INTO db.recipe_tag (id, recipe_id, tag_id) VALUES (2269985, 38, 66);
INSERT INTO db.recipe_tag (id, recipe_id, tag_id) VALUES (2269986, 38, 154);
INSERT INTO db.recipe_tag (id, recipe_id, tag_id) VALUES (2269987, 38, 17);
INSERT INTO db.recipe_tag (id, recipe_id, tag_id) VALUES (2269988, 38, 2);
INSERT INTO db.recipe_tag (id, recipe_id, tag_id) VALUES (2269989, 38, 155);
INSERT INTO db.recipe_tag (id, recipe_id, tag_id) VALUES (2269990, 38, 73);
INSERT INTO db.recipe_tag (id, recipe_id, tag_id) VALUES (2269991, 38, 63);
INSERT INTO db.recipe_tag (id, recipe_id, tag_id) VALUES (2269992, 38, 60);
INSERT INTO db.recipe_tag (id, recipe_id, tag_id) VALUES (2269993, 38, 3);
INSERT INTO db.recipe_tag (id, recipe_id, tag_id) VALUES (2269994, 38, 98);
INSERT INTO db.recipe_tag (id, recipe_id, tag_id) VALUES (2269995, 38, 141);
INSERT INTO db.recipe_tag (id, recipe_id, tag_id) VALUES (2269996, 38, 119);
INSERT INTO db.recipe_tag (id, recipe_id, tag_id) VALUES (2269997, 38, 31);
INSERT INTO db.recipe_tag (id, recipe_id, tag_id) VALUES (2269998, 38, 51);
INSERT INTO db.recipe_tag (id, recipe_id, tag_id) VALUES (2269999, 38, 59);

INSERT INTO db.recipe_tag (id, recipe_id, tag_id) VALUES (407823, 40, 155);
INSERT INTO db.recipe_tag (id, recipe_id, tag_id) VALUES (407824, 40, 19);
INSERT INTO db.recipe_tag (id, recipe_id, tag_id) VALUES (407825, 40, 63);
INSERT INTO db.recipe_tag (id, recipe_id, tag_id) VALUES (407826, 40, 3);
INSERT INTO db.recipe_tag (id, recipe_id, tag_id) VALUES (407827, 40, 98);
INSERT INTO db.recipe_tag (id, recipe_id, tag_id) VALUES (407828, 40, 6);
INSERT INTO db.recipe_tag (id, recipe_id, tag_id) VALUES (407829, 40, 61);
INSERT INTO db.recipe_tag (id, recipe_id, tag_id) VALUES (407830, 40, 1);
INSERT INTO db.recipe_tag (id, recipe_id, tag_id) VALUES (407831, 40, 59);
INSERT INTO db.recipe_tag (id, recipe_id, tag_id) VALUES (407841, 40, 2);

INSERT INTO db.recipe_tag (id, recipe_id, tag_id) VALUES (576302, 45, 4);
INSERT INTO db.recipe_tag (id, recipe_id, tag_id) VALUES (576303, 45, 3);

INSERT INTO db.user (id) VALUES (64424);
INSERT INTO db.user (id) VALUES (64425);
INSERT INTO db.user (id) VALUES (64426);
INSERT INTO db.user (id) VALUES (64427);
INSERT INTO db.user (id) VALUES (64428);
INSERT INTO db.user (id) VALUES (64429);

INSERT INTO db.review (id, user_id, recipe_id, review, rating) VALUES (1, 64424, 45, 0x4772656174207769746820612073616C61642E20436F6F6B6564206F6E20746F70206F662073746F766520666F72203135206D696E757465732E41646465642061207368616B65206F6620636179656E6E6520616E6420612070696E6368206F662073616C742E202055736564206C6F772066617420736F757220637265616D2E20205468616E6B732E, 4);
INSERT INTO db.review (id, user_id, recipe_id, review, rating) VALUES (2, 64424, 46, 0x536F2073696D706C652C20736F2064656C6963696F75732120477265617420666F72206368696C6C792066616C6C206576656E696E672E2053686F756C64206861766520646F75626C6564206974203B293C62722F3E3C62722F3E5365636F6E642074696D652061726F756E642C20666F72676F74207468652072656D61696E696E672063756D696E2E20576520757375616C6C79206C6F76652063756D696E2C20627574206469646E2774206E6F7469636520746865206D697373696E6720312F322074656173706F6F6E21, 5);
INSERT INTO db.review (id, user_id, recipe_id, review, rating) VALUES (3, 64425, 40, 0x5468697320776F726B656420766572792077656C6C20616E6420697320454153592E2020492075736564206E6F7420717569746520612077686F6C65207061636B616765202831306F7A29206F662077686974652063686970732E2020477265617421, 4);
INSERT INTO db.review (id, user_id, recipe_id, review, rating) VALUES (4, 64425, 45, 0x49206D61646520746865204D65786963616E20746F7070696E6720616E6420746F6F6B20697420746F2062756E6B6F2E202045766572796F6E65206C6F7665642069742E, 5);
INSERT INTO db.review (id, user_id, recipe_id, review, rating) VALUES (5, 64425, 46, 0x4D616465207468652063686564646172206261636F6E20746F7070696E672C20616464696E67206120737072696E6B6C696E67206F6620626C61636B207065707065722E2059756D21, 5);
INSERT INTO db.review (id, user_id, recipe_id, review, rating) VALUES (6, 64426, 46, 0x7665727920766572792073776565742E2061667465722069207761697465642074686520322064617973206920626F756768742032206D6F72652070696E7473206F6620726173706265727269657320616E64206164646564207468656D20746F20746865206D69782E2069276D20676F696E6720746F2061646420736F6D6520617320612063616B652066696C6C696E6720746F64617920616E642077696C6C2074616B6520612070686F746F2E, 4);
INSERT INTO db.review (id, user_id, recipe_id, review, rating) VALUES (7, 64427, 40, 0x4A75737420616E206F62736572766174696F6E2C20736F20492077696C6C206E6F7420726174652E20204920666F6C6C6F77656420746869732070726F63656475726520776974682073747261776265727269657320696E7374656164206F662072617370626572726965732E20205065726861707320746869732069732074686520726561736F6E20697420646964206E6F7420776F726B2077656C6C2E2020536F72727920746F207265706F72742074686174207468652073747261776265727269657320492064696420696E204175677573742077657265206D6F6C647920696E204F63746F6265722E20205468657920776572652073746F72656420696E206D7920646F776E737461697273206672696467652C207768696368206973207665727920636F6C6420616E6420696E6672657175656E746C79206F70656E65642E202044656C6963696F757320616E642066726573682D74617374696E67207072696F7220746F20746861742C2074686F7567682E2020536F2C206B656570206120736861727020657965206F6E207468656D2E2020506572736F6E616C6C79204920776F756C64206E6F74206B656570207468656D206C6F6E676572207468616E2061206D6F6E74682E2020546869732072656369706520616C736F2061707065617273206173202331323033343520706F7374656420696E204A756C7920323030392C207768696368206973207768656E20492074726965642069742E20204920616C736F206F776E207468652045646E61204C6577697320636F6F6B626F6F6B20696E207768696368207468697320617070656172732E, 0);
INSERT INTO db.review (id, user_id, recipe_id, review, rating) VALUES (8, 64427, 46, 0x546869732072656369706520776173204F5645524C5920746F6F2073776565742E20204920776F756C64207374617274206F7574207769746820312F33206F7220312F3420637570206F6620737567617220616E64206A73757420616464206F6E2066726F6D2074686572652E20204A75737420322063757073207761732077617920746F6F206D75636820616E6420492068616420746F20676F206261636B20746F207468652067726F636572792073746F726520746F20627579206D6F72652072617370626572726965732062656361757365206974206D61646520736F206D756368206D69782E20204F766572616C6C2C204920776F756C642062757420746865206C6F6E67206E6172726F7720626F78206F722072617370626572726965732E2020497473206120706572666563742066697420666F72207468652072656369706520706C75732061206C6974746C652065787472612E20204920776173206E6F7420696D7072657373656420776974682074686973207265636970652E202049742077617320657863657074696F6E616C6C79206F7665722D73776565742E2020496620796F75206D616B6520746869732073696D706C65207265636970652C204D414B45205355524520544F20414444204C45535320535547415221, 2);
INSERT INTO db.review (id, user_id, recipe_id, review, rating) VALUES (9, 64428, 40, 0x5665727920676F6F6421, 4);
INSERT INTO db.review (id, user_id, recipe_id, review, rating) VALUES (10, 64428, 45, 0x426574746572207468616E20746865207265616C2121, 5);